,AP
,BC
Adams,CO
Adams,WA
Alameda,CA
Alexandria,VA
Allen,IN
Anne Arundel,MD
Arapahoe,CO
Arlington,VA
Asotin,WA
Beaufort,SC
Bell,TX
Benton,OR
Benton,WA
Berkeley,SC
Bexar,TX
Boulder,CO
Broward,FL
Burlington,NJ
Calvert,MD
Camden,NJ
Cape May,NJ
Carroll,MD
Champaign,IL
Charles,MD
Charleston,SC
Chelan,WA
Chesapeake,VA
Clallam,WA
Clark,NV
Clark,WA
Collin,TX
Columbia,GA
Columbia,WA
Contra Costa,CA
Cook,IL
Coryell,TX
Cowlitz,WA
Cumberland,NC
Cumberland,PA
Dallas,TX
DeKalb,GA
District of Columbia,DC
Dorchester,SC
Douglas,CO
Douglas,NE
Douglas,WA
Dona Ana,NM
El Paso,CO
El Paso,TX
Elmore,ID
Emmet,MI
Essex,NJ
Fairbanks North Star,AK
Fairfax,VA
Ferry,WA
Franklin,WA
Frederick,MD
Galveston,TX
Garfield,WA
Geary,KS
Goochland,VA
Grant,WA
Grays Harbor,WA
Gwinnett,GA
Hamilton,OH
Harnett,NC
Harrison,MS
Hawaii,HI
Hennepin,MN
Hillsborough,FL
Hoke,NC
Honolulu,HI
Houston,GA
Howard,MD
Island,WA
Jackson,OK
Jefferson,NY
Jefferson,WA
Kauai,HI
Kent,DE
Kern,CA
King,WA
Kings,CA
Kitsap,WA
Kittitas,WA
Klickitat,WA
Kootenai,ID
Lake,IL
Lane,OR
Laramie,WY
Larimer,CO
Las Animas,CO
Leavenworth,KS
Lee,AL
Lewis,WA
Lincoln,OR
Lincoln,WA
Los Angeles,CA
Loudoun,VA
Madison,IL
Maricopa,AZ
Marin,CA
Mason,WA
Middlesex,MA
Monterey,CA
Montgomery,MD
Moore,NC
Multnomah,OR
Napa,CA
New Haven,CT
New London,CT
Newport News,VA
Newport,RI
Norfolk,VA
Nueces,TX
Okanogan,WA
Oldham,KY
Onslow,NC
Orange,CA
Pacific,WA
Pend Oreille,WA
Pierce,WA
Placer,CA
Plaquemines,LA
Platte,MO
Polk,OR
Portsmouth,VA
Prince George's,MD
Pulaski,AR
Randolph,NC
Ray,MO
Richmond,GA
Richmond,NY
Riverside,CA
Rock Island,IL
Rockdale,GA
Rockingham,NH
Sacramento,CA
Salt Lake,UT
San Bernardino,CA
San Diego,CA
San Juan,WA
San Mateo,CA
Santa Barbara,CA
Santa Clara,CA
Santa Cruz,CA
Sarasota,FL
Saratoga,NY
Sarpy,NE
Sedgwick,KS
Sheridan,WY
Skagit,WA
Skamania,WA
Snohomish,WA
Solano,CA
Sonoma,CA
Spokane,WA
St. Clair,IL
St. Louis,MO
St. Mary's,MD
St. Tammany,LA
Stafford,VA
Stevens,WA
Suffolk,VA
Sumter,SC
Tarrant,TX
Thurston,WA
Travis,TX
Ulster,NY
Ventura,CA
Vernon,LA
Virginia Beach,VA
Wahkiakum,WA
Walla Walla,WA
Washington,MD
Wayne,NC
Whatcom,WA
Whitman,WA
Wichita,TX
Williamson,TX
Wilson,TX
Yakima,WA
Yavapai,AZ
Yellowstone,MT
