AUDI,A3
AUDI,A7
AUDI,A8 E
AUDI,E-TRON
AUDI,E-TRON GT
AUDI,E-TRON SPORTBACK
AUDI,Q4
AUDI,Q5
AUDI,Q5 E
AUDI,Q8
AUDI,RS E-TRON GT
AZURE DYNAMICS,TRANSIT CONNECT ELECTRIC
BENTLEY,BENTAYGA
BENTLEY,FLYING SPUR
BMW,330E
BMW,530E
BMW,740E
BMW,745E
BMW,745LE
BMW,I3
BMW,I4
BMW,I8
BMW,IX
BMW,X3
BMW,X5
CADILLAC,CT6
CADILLAC,ELR
CADILLAC,LYRIQ
CHEVROLET,BOLT EUV
CHEVROLET,BOLT EV
CHEVROLET,S-10 PICKUP
CHEVROLET,SPARK
CHEVROLET,VOLT
CHRYSLER,PACIFICA
FIAT,500
FISKER,KARMA
FORD,C-MAX
FORD,ESCAPE
FORD,F-150
FORD,FOCUS
FORD,FUSION
FORD,MUSTANG MACH-E
FORD,RANGER
FORD,TRANSIT
GENESIS,G80
GENESIS,GV60
GENESIS,GV70
HONDA,ACCORD
HONDA,CLARITY
HYUNDAI,IONIQ
HYUNDAI,IONIQ 5
HYUNDAI,IONIQ 6
HYUNDAI,KONA
HYUNDAI,KONA ELECTRIC
HYUNDAI,SANTA FE
HYUNDAI,SONATA
HYUNDAI,TUCSON
JAGUAR,I-PACE
JEEP,GRAND CHEROKEE
JEEP,WRANGLER
KIA,EV6
KIA,NIRO
KIA,OPTIMA
KIA,SORENTO
KIA,SOUL
KIA,SOUL EV
KIA,SPORTAGE
LAND ROVER,RANGE ROVER
LAND ROVER,RANGE ROVER SPORT
LEXUS,NX
LEXUS,RZ 450E
LINCOLN,AVIATOR
LINCOLN,CORSAIR
LUCID,AIR
MAZDA,CX-90
MERCEDES-BENZ,B-CLASS
MERCEDES-BENZ,C-CLASS
MERCEDES-BENZ,EQB-CLASS
MERCEDES-BENZ,EQE-CLASS SEDAN
MERCEDES-BENZ,EQE-CLASS SUV
MERCEDES-BENZ,EQS-CLASS SEDAN
MERCEDES-BENZ,EQS-CLASS SUV
MERCEDES-BENZ,GLC-CLASS
MERCEDES-BENZ,GLE-CLASS
MERCEDES-BENZ,S-CLASS
MINI,COUNTRYMAN
MINI,HARDTOP
MITSUBISHI,I-MIEV
MITSUBISHI,OUTLANDER
NISSAN,ARIYA
NISSAN,LEAF
POLESTAR,PS2
PORSCHE,918
PORSCHE,CAYENNE
PORSCHE,PANAMERA
PORSCHE,TAYCAN
RIVIAN,EDV
RIVIAN,R1S
RIVIAN,R1T
SMART,EQ FORTWO
SMART,FORTWO
SMART,FORTWO ELECTRIC DRIVE
SUBARU,CROSSTREK
SUBARU,SOLTERRA
TESLA,MODEL 3
TESLA,MODEL S
TESLA,MODEL X
TESLA,MODEL Y
TESLA,ROADSTER
TH!NK,CITY
TOYOTA,BZ4X
TOYOTA,PRIUS
TOYOTA,PRIUS PLUG-IN
TOYOTA,PRIUS PRIME
TOYOTA,RAV4
TOYOTA,RAV4 PRIME
VOLKSWAGEN,E-GOLF
VOLKSWAGEN,ID.4
VOLVO,C40
VOLVO,S60
VOLVO,S90
VOLVO,V60
VOLVO,XC40
VOLVO,XC60
VOLVO,XC90
WHEEGO ELECTRIC CARS,WHEEGO
